parameter,n_eff
matchup[1],5228.97301080404
matchup[2],5580.61250161033
matchup[3],5477.26313561479
matchup[4],4976.9596892711
matchup[5],5798.32014622528
matchup[6],4993.8366962443
matchup[7],4581.87847100996
matchup[8],4741.07521645023
matchup[9],6001.82711205581
matchup[10],5462.0338658202
matchup[11],5612.60087130974
matchup[12],5990.68067142135
matchup[13],5381.31718069672
matchup[14],6232.52357480751
matchup[15],4930.35804453962
matchup[16],5493.81808656329
matchup[17],5496.54450462099
matchup[18],5209.84015315638
matchup[19],5917.37142803798
matchup[20],5895.41288896747
matchup[21],4697.72466354143
matchup[22],6063.21036071767
matchup[23],6553.59151961458
matchup[24],5224.9846187094
matchup[25],5309.81272743723
matchup[26],5150.31595672848
matchup[27],5351.18789349009
matchup[28],6180.66108725569
matchup[29],5302.32945927101
matchup[30],4698.84266051113
matchup[31],5470.04562205437
matchup[32],5114.58373222063
matchup[33],5104.6111567647
matchup[34],5547.61944181454
matchup[35],5282.4421576628
matchup[36],4900.71014404985
matchup[37],4567.69576497602
matchup[38],6252.87428598834
matchup[39],5429.62699695207
matchup[40],5038.99646275091
matchup[41],5466.289264407
matchup[42],5190.56510230823
matchup[43],4271.7757596664
matchup[44],5221.00878480766
matchup[45],5376.82607055926
matchup[46],4991.84723766506
matchup[47],6270.75817451541
matchup[48],5343.78057013482
matchup[49],5656.76828536038
matchup[50],4998.65768322898
matchup[51],4335.46199233619
matchup[52],4912.26146968752
matchup[53],5901.79295080035
matchup[54],5248.84365789832
matchup[55],5914.71116946706
matchup[56],5998.78746621985
matchup[57],5758.45904468919
matchup[58],6430.16354794171
matchup[59],4594.94425647422
matchup[60],5092.47584051068
matchup[61],5568.13292521671
matchup[62],6258.90018048847
matchup[63],5999.61365587327
matchup[64],4556.1005232684
matchup[65],4962.59915874785
matchup[66],4454.59460008459
matchup[67],5175.22967873203
matchup[68],5112.5376294373
matchup[69],5072.6886727341
matchup[70],6302.36211049622
matchup[71],4419.8733714148
matchup[72],5302.01489261841
matchup[73],5302.01489261841
matchup[74],5020.50565966085
matchup[75],4658.72845174601
matchup[76],6021.85198739067
matchup[77],5133.73131364275
matchup[78],4593.34110061118
matchup[79],5060.30050276041
matchup[80],5854.40681011892
matchup[81],5696.37169242266
matchup[82],5156.27775401403
matchup[83],5033.3727795491
matchup[84],4532.30176520923
matchup[85],5083.75964269358
matchup[86],5198.08879288396
matchup[87],4756.54878499897
matchup[88],5257.27689647922
matchup[89],5882.10362479386
matchup[90],4676.17727056055
matchup[91],4956.71893197812
matchup[92],5153.39437839051
matchup[93],5527.3416401739
matchup[94],5571.5243150349
matchup[95],5764.93165793146
matchup[96],5290.31327814151
matchup[97],4833.38543277196
matchup[98],5248.14553856442
matchup[99],6181.09294341435
matchup[100],5451.30599676682
matchup[101],5134.56726855956
matchup[102],5190.35498619475
matchup[103],5615.06478635462
matchup[104],5620.81334071236
matchup[105],5179.46284071219
matchup[106],5427.80792834471
matchup[107],5552.6095174972
matchup[108],6021.83602851266
matchup[109],5367.93005521406
matchup[110],5125.09919387333
matchup[111],5178.79103474659
matchup[112],4828.35253262674
matchup[113],4864.48183591586
matchup[114],4294.06374073654
matchup[115],5516.39087111678
matchup[116],4962.92270835862
matchup[117],4463.59044727829
matchup[118],5024.64899250898
matchup[119],4507.65407263808
matchup[120],4429.12955172776
matchup[121],4564.1460944283
matchup[122],4984.80687165106
matchup[123],5345.65725273048
matchup[124],5795.03822844424
matchup[125],6009.52713639028
matchup[126],4903.59807078427
matchup[127],5725.81952708105
matchup[128],5541.41877870195
matchup[129],5313.92986818118
matchup[130],4799.36592313148
matchup[131],5190.97379933121
matchup[132],6521.59329016151
matchup[133],5351.71786486478
matchup[134],6325.49658901854
matchup[135],6125.13466733891
matchup[136],5287.77116338418
matchup[137],5439.5140120007
matchup[138],4992.65531359951
matchup[139],5083.03068183753
matchup[140],4966.46731695049
matchup[141],6016.99879343965
matchup[142],6954.36774367731
matchup[143],5161.85089423009
matchup[144],5421.46180701544
matchup[145],5216.75150653602
matchup[146],5363.89710321815
matchup[147],4935.36817516029
matchup[148],6518.82919653701
matchup[149],6181.17379740394
matchup[150],5079.62177732587
matchup[151],5812.19927785058
matchup[152],5116.35881882238
matchup[153],5527.3416401739
matchup[154],5611.77451599986
matchup[155],5310.45456952757
matchup[156],5184.69150713172
matchup[157],5525.06625164492
matchup[158],5110.49048398727
matchup[159],4828.51534583045
matchup[160],6178.91990549845
matchup[161],4172.51196486452
matchup[162],5276.4950090211
matchup[163],5062.94372975657
matchup[164],5708.09103806036
matchup[165],5645.85629620323
matchup[166],4766.79495904054
matchup[167],5659.70103259086
matchup[168],5260.24085724985
matchup[169],5526.84431420817
matchup[170],4988.49150846455
matchup[171],4814.58200613573
matchup[172],4755.58411660748
matchup[173],4508.51918369279
matchup[174],5612.05779467739
matchup[175],6318.78693093728
matchup[176],5588.51653856639
matchup[177],4650.74248362189
matchup[178],5453.65109151726
matchup[179],5027.76938230424
matchup[180],6062.07462846204
matchup[181],4275.09333748784
matchup[182],4959.09690232912
matchup[183],5553.50212636991
matchup[184],6270.61531999002
matchup[185],5976.78017470405
matchup[186],5640.3226541055
matchup[187],6037.76211913151
matchup[188],4346.83530356719
matchup[189],6842.23619413361
matchup[190],4607.26244508644
matchup[191],6262.41256863294
matchup[192],5247.62055504604
matchup[193],4556.38990985785
matchup[194],5162.63738922782
matchup[195],5940.87471996335
matchup[196],5463.67685281302
matchup[197],5742.7579472504
matchup[198],4846.80291723773
matchup[199],4574.69707632766
matchup[200],5252.39897825802
matchup[201],5178.16554450042
matchup[202],5240.37847221417
matchup[203],5845.87942183323
matchup[204],4318.24321456786
matchup[205],4050.73908968236
matchup[206],4810.82476973755
matchup[207],4976.52661257766
matchup[208],4794.05449197437
matchup[209],4821.55284006481
matchup[210],5448.60819666865
matchup[211],5232.86923616326
matchup[212],4708.31432920777
matchup[213],4875.94245761154
matchup[214],5332.15697881407
matchup[215],4935.43388106401
matchup[216],5010.9839022663
matchup[217],5372.65855244367
matchup[218],5615.09538530793
matchup[219],4030.76922703987
matchup[220],6142.29290603721
matchup[221],5897.26910274459
matchup[222],5305.61371932378
matchup[223],5316.57429850899
matchup[224],5826.79374058256
matchup[225],4508.7818285562
matchup[226],5002.84623110308
matchup[227],5359.08091745155
matchup[228],5248.78331611805
matchup[229],5748.02680852557
matchup[230],3977.76850013925
matchup[231],5865.67858277239
matchup[232],5961.10385060046
matchup[233],5633.2959493113
matchup[234],4738.75290255775
matchup[235],4601.44189325373
matchup[236],5833.86267883864
matchup[237],5355.71098313125
matchup[238],5412.19278022939
matchup[239],5640.69723016597
matchup[240],5128.97175786722
matchup[241],4851.54603138569
matchup[242],5503.81659541406
matchup[243],5480.05998411965
matchup[244],4922.703488515
matchup[245],5559.83495994576
matchup[246],6240.55281500288
matchup[247],5116.10163032176
matchup[248],4232.29973328261
matchup[249],5447.43986277972
matchup[250],5554.66510720386
matchup[251],4859.11622396208
matchup[252],6043.84215535355
matchup[253],5100.55950583581
matchup[254],4681.93149867942
matchup[255],5328.42357238784
matchup[256],5466.94025041753
matchup[257],5705.98893699197
matchup[258],5572.62427041286
matchup[259],5059.56575968383
matchup[260],5322.3468394295
matchup[261],5518.09306549596
matchup[262],7943.02584611305
matchup[263],6275.15888209912
matchup[264],6275.15888209912
matchup[265],6791.68438277665
matchup[266],6068.5417218864
matchup[267],6233.49186959074
matchup[268],6791.68438277665
matchup[269],5162.73496055782
matchup[270],6275.15888209912
matchup[271],5035.25586566302
matchup[272],6068.5417218864
matchup[273],4407.66968780705
matchup[274],5145.23512258753
matchup[275],4727.30928914094
matchup[276],6068.5417218864
matchup[277],5750.40113668426
matchup[278],5571.65638811967
matchup[279],7943.02584611305
matchup[280],6068.5417218864
matchup[281],5005.14612588659
matchup[282],5006.4251900412
matchup[283],5376.35163328959
matchup[284],5911.13346382641
matchup[285],5416.60221050005
matchup[286],5937.95668651932
matchup[287],5083.80473120046
matchup[288],6068.5417218864
matchup[289],5096.1944849835
matchup[290],5658.74597780473
matchup[291],6943.7808283017
matchup[292],4815.57273322523
matchup[293],6943.7808283017
matchup[294],5644.8490860883
matchup[295],5258.82004886236
matchup[296],6565.21567644508
matchup[297],4898.72023106918
matchup[298],4865.09417814734
matchup[299],5258.82004886236
matchup[300],5797.05879649602
matchup[301],5003.08611048676
matchup[302],4843.37393414976
matchup[303],4604.34553658716
matchup[304],5132.67928525052
matchup[305],4631.47524606708
matchup[306],5258.82004886236
matchup[307],5726.87348183563
matchup[308],5546.18140555796
matchup[309],5258.82004886236
matchup[310],5945.31252190899
matchup[311],5258.82004886236
matchup[312],7943.02584611305
matchup[313],5096.1944849835
matchup[314],5779.61201032704
matchup[315],5779.61201032704
matchup[316],5779.61201032704
matchup[317],5779.61201032704
matchup[318],5342.97641241289
matchup[319],5793.4630626316
matchup[320],5133.99805601784
matchup[321],5218.81519713925
matchup[322],4924.75347396862
matchup[323],4995.15206830153
matchup[324],5465.426994859
matchup[325],5524.75177422321
matchup[326],5330.33521543321
matchup[327],5317.73573421054
matchup[328],6261.32341820646
matchup[329],5637.29515406551
matchup[330],6415.88887685038
matchup[331],5061.3845071076
matchup[332],5692.88604059934
matchup[333],5621.26885828448
matchup[334],5737.25597792237
matchup[335],5756.75793813602
matchup[336],7790.73718265007
matchup[337],6943.7808283017
matchup[338],6943.7808283017
matchup[339],6943.7808283017
matchup[340],5640.1766576956
matchup[341],5456.70341884204
matchup[342],4809.0615828704
matchup[343],5495.32808997805
matchup[344],5419.13439557106
matchup[345],5640.1766576956
matchup[346],5647.10509314425
matchup[347],4739.24729923004
matchup[348],5495.32808997805
matchup[349],5640.1766576956
matchup[350],5647.10509314425
matchup[351],5546.58393681859
matchup[352],5079.52201300454
matchup[353],6679.72075306407
matchup[354],5640.1766576956
matchup[355],6265.7828262509
matchup[356],5640.1766576956
matchup[357],5110.59711267576
matchup[358],5800.19615479038
matchup[359],5495.71927758021
matchup[360],6679.72075306407
matchup[361],6511.04126473042
matchup[362],5554.59532468678
matchup[363],5305.89865339491
matchup[364],5025.33903568122
matchup[365],6679.72075306407
matchup[366],4828.71916668423
matchup[367],5779.61201032704
matchup[368],6620.60117213257
matchup[369],6421.65064550891
matchup[370],6421.65064550891
matchup[371],6403.06501440274
matchup[372],6421.65064550891
matchup[373],6421.65064550891
matchup[374],5290.98607540226
matchup[375],4415.4995151265
matchup[376],6421.65064550891
matchup[377],6679.72075306407
matchup[378],5292.92541031744
matchup[379],5810.51531176262
matchup[380],5633.28926088636
matchup[381],4966.73834735286
matchup[382],5927.82193009281
matchup[383],4700.41111777718
matchup[384],6679.72075306407
matchup[385],5759.32021994324
matchup[386],5125.79028636943
matchup[387],6042.9096580982
matchup[388],6042.9096580982
matchup[389],5554.59532468678
matchup[390],5641.53351292139
matchup[391],6042.9096580982
matchup[392],6042.9096580982
matchup[393],5019.75514369392
matchup[394],6042.9096580982
matchup[395],5759.32021994324
matchup[396],6922.73562699789
matchup[397],6922.73562699789
matchup[398],6922.73562699789
matchup[399],6922.73562699789
matchup[400],6922.73562699789
matchup[401],6533.38715562301
matchup[402],6653.29838303737
matchup[403],6653.29838303737
matchup[404],6653.29838303737
matchup[405],6653.29838303737
matchup[406],6653.29838303737
matchup[407],5231.23035522597
matchup[408],6533.38715562301
matchup[409],5231.23035522597
matchup[410],6533.38715562301
matchup[411],6533.38715562301
matchup[412],5231.23035522597
matchup[413],5231.23035522597
matchup[414],6533.38715562301
matchup[415],4805.76702571588
matchup[416],5231.23035522597
matchup[417],4840.23935448269
matchup[418],5900.54745432035
matchup[419],5330.74991985918
matchup[420],5182.78710129308
matchup[421],5550.35820032145
matchup[422],5230.82694952661
matchup[423],5869.80213794293
matchup[424],5138.06515796218
matchup[425],5371.65776399143
matchup[426],5647.09017875706
matchup[427],5041.13091975011
matchup[428],5136.03481651832
matchup[429],6526.90161997983
matchup[430],4836.92294369451
matchup[431],4750.13967557684
matchup[432],5673.54797040417
matchup[433],5694.04994270488
matchup[434],5685.17569278889
matchup[435],5805.73683911038
matchup[436],5766.05889072563
matchup[437],4335.42280900881
matchup[438],5272.62866724543
matchup[439],5322.65808448101
matchup[440],4601.97713250422
matchup[441],5298.98017226227
matchup[442],5474.78306011439
matchup[443],5562.00614768414
matchup[444],5533.74321230689
matchup[445],5812.51381373317
matchup[446],4769.13853918213
matchup[447],5759.98808889145
matchup[448],5239.75508254515
matchup[449],5967.7258781242
matchup[450],4496.46807491811
matchup[451],5315.0854394437
matchup[452],5323.69274219569
matchup[453],5561.35556918149
matchup[454],5812.51381373317
matchup[455],5690.64157850221
matchup[456],5903.08482091611
matchup[457],6238.22897687004
matchup[458],4919.21430045258
matchup[459],5061.08659610686
matchup[460],5729.90656462605
matchup[461],5561.74457393085
matchup[462],5532.4792263969
matchup[463],5972.66252912046
matchup[464],4595.65389340777
matchup[465],5638.99423918093
matchup[466],5291.39190103052
matchup[467],5443.5475185996
matchup[468],5647.28913910577
matchup[469],4731.46857637013
matchup[470],5299.96580834774
matchup[471],4403.95912829796
matchup[472],5840.42489231745
matchup[473],5635.43948349306
matchup[474],5141.16957284189
matchup[475],5211.44238451145
matchup[476],5192.30403398446
matchup[477],5599.62270976645
matchup[478],5852.63851054525
matchup[479],6454.44170361227
matchup[480],4702.6929234456
matchup[481],5459.20417070589
matchup[482],5423.83601643001
matchup[483],5908.31854629063
matchup[484],5879.72361960116
matchup[485],5743.12860944286
matchup[486],5118.22527291825
matchup[487],5333.26208173388
matchup[488],5201.0328881156
matchup[489],5830.57079763588
matchup[490],4697.8778472684
matchup[491],5265.32375494707
matchup[492],5321.66026923335
matchup[493],6257.96810968363
matchup[494],5259.44730924857
matchup[495],4644.95630015429
matchup[496],6221.53741482126
matchup[497],5045.32071181504
matchup[498],4640.89409887253
matchup[499],4887.23406385279
matchup[500],5498.49185326149
matchup[501],5319.66618743051
matchup[502],5762.66671862644
matchup[503],5477.0513477056
matchup[504],4938.84737596072
matchup[505],4901.68359517789
matchup[506],6162.89170357716
matchup[507],5895.56563626102
matchup[508],4713.39152919305
matchup[509],5123.56297358399
matchup[510],7253.68702520426
matchup[511],5169.88826889917
matchup[512],4161.95769736384
matchup[513],5669.86767308514
matchup[514],5643.33387166637
matchup[515],5534.0340262667
matchup[516],4320.15396159123
matchup[517],5348.29565016881
matchup[518],5911.47564213922
matchup[519],5696.94377248415
matchup[520],5684.8571079269
matchup[521],4999.31578162844
matchup[522],3984.27381201098
matchup[523],5671.86398526915
matchup[524],6224.68288290265
matchup[525],5753.42471978238
matchup[526],5790.81868672499
matchup[527],4962.98760074897
matchup[528],6603.87128336458
matchup[529],5560.87995779765
matchup[530],5579.00249060739
matchup[531],4630.07166159981
matchup[532],5171.23632286971
matchup[533],5030.04512895869
matchup[534],5523.37027678134
matchup[535],5486.12952922565
matchup[536],7253.68702520426
matchup[537],5523.37027678134
matchup[538],5053.00769769451
matchup[539],6175.13176596691
matchup[540],4572.32954121683
matchup[541],5983.08422204995
matchup[542],4427.65490097133
matchup[543],5475.57291867814
matchup[544],4288.19835330709
matchup[545],5782.58129278061
matchup[546],5118.13112075028
matchup[547],5367.80261442896
matchup[548],4534.92768282752
matchup[549],5568.41020423244
matchup[550],5000.66501404263
matchup[551],5814.26526881751
matchup[552],4996.42358451585
matchup[553],4748.56327000209
matchup[554],6084.0993200222
matchup[555],5017.19187823356
matchup[556],4846.09006573087
matchup[557],4571.4674361787
matchup[558],5132.75770457799
matchup[559],5525.93596578811
matchup[560],5041.94693282153
matchup[561],5088.29607644968
matchup[562],5197.49692355478
matchup[563],5741.37528607476
matchup[564],4983.25678127643
matchup[565],4847.39098596227
matchup[566],4969.36984174286
matchup[567],4972.28149926802
matchup[568],5901.22543917002
matchup[569],5513.09935839444
matchup[570],3909.31722805227
matchup[571],4861.66108762156
matchup[572],6557.78063727845
matchup[573],5380.380286668
matchup[574],5003.73799066691
matchup[575],5934.4411556803
matchup[576],5958.5643606032
matchup[577],6057.6139401355
matchup[578],5701.35958146054
matchup[579],4730.69163453066
matchup[580],5530.87547508479
matchup[581],6060.8545516955
matchup[582],5382.29221873857
matchup[583],4861.19146402663
matchup[584],5087.37579396446
matchup[585],6146.61839494959
matchup[586],5325.51396412782
matchup[587],5656.67571004826
matchup[588],5365.00349551983
matchup[589],5250.66338812326
matchup[590],4738.64521770165
matchup[591],3587.58953101455
matchup[592],5779.98652697119
matchup[593],5484.10615327362
matchup[594],5121.58167378447
matchup[595],5665.21668841281
matchup[596],4692.91550813801
matchup[597],4822.24627498874
matchup[598],5357.95763648545
matchup[599],4982.47311274095
matchup[600],5196.39403386661
matchup[601],4671.7415661387
matchup[602],5496.02726901053
matchup[603],5879.08402244535
matchup[604],5258.30466713476
matchup[605],5494.94433070599
matchup[606],6061.57528231856
matchup[607],5333.09303651225
matchup[608],5975.61777773902
matchup[609],4378.53987774508
matchup[610],5135.96208300154
matchup[611],4904.4164813617
matchup[612],5917.21382246985
matchup[613],6146.61839494959
matchup[614],5892.35068708906
matchup[615],5515.43327555997
matchup[616],4993.75042347614
matchup[617],4982.03702179053
matchup[618],5150.4893470738
matchup[619],3466.47620719172
matchup[620],4370.96400516405
matchup[621],5464.56474322962
matchup[622],4472.20460081907
matchup[623],5091.24541290557
matchup[624],4513.11616189402
matchup[625],5754.40560599154
matchup[626],4591.70820462584
matchup[627],5837.04375749352
matchup[628],5119.68556366436
matchup[629],5961.22164372104
matchup[630],5295.35427553759
matchup[631],4725.50274600079
matchup[632],4023.73328381067
matchup[633],5425.45262243789
matchup[634],4715.60847850779
matchup[635],5927.67468248833
matchup[636],4558.90056543236
matchup[637],5049.07497481805
matchup[638],5459.16264625913
matchup[639],5061.88260142388
matchup[640],5284.5332136839
matchup[641],5361.5511661254
matchup[642],4686.5295197404
matchup[643],5918.83997746359
matchup[644],4083.75996372716
matchup[645],5528.39250225836
matchup[646],4493.39394226143
matchup[647],5371.78876822505
matchup[648],4900.32872796234
matchup[649],5309.76926378876
matchup[650],3900.09654794608
matchup[651],4304.81966471883
matchup[652],5542.60024969684
matchup[653],5239.63748338453
matchup[654],5935.34803833823
matchup[655],5243.98619627673
matchup[656],5442.0138841381
matchup[657],5070.11904846212
matchup[658],4647.23638072139
matchup[659],5600.08316704051
matchup[660],5870.7676984271
matchup[661],5541.52328305374
matchup[662],5940.9478415234
matchup[663],5222.93011005396
matchup[664],3836.31081820533
matchup[665],6101.75047209916
matchup[666],4237.92322122553
matchup[667],5071.29700184559
matchup[668],5423.48763377393
matchup[669],4427.31135051276
matchup[670],5206.5761058214
matchup[671],4921.46442914959
matchup[672],3945.84221323562
matchup[673],4985.31632021261
matchup[674],4374.88766611221
matchup[675],6331.07026867665
matchup[676],5130.36026150814
matchup[677],5854.85192373022
matchup[678],5640.83721635433
matchup[679],4863.45712406852
matchup[680],6331.07026867665
matchup[681],5024.19212034269
matchup[682],4794.66062918649
matchup[683],6331.07026867665
matchup[684],5587.45120186173
matchup[685],5040.87485337755
matchup[686],5990.77783825168
matchup[687],4600.1352344907
matchup[688],5405.22689392128
matchup[689],4252.21418174345
matchup[690],6043.60163664667
matchup[691],5647.19929442765
matchup[692],6331.07026867665
matchup[693],6287.13750853372
matchup[694],5909.85964368894
matchup[695],6331.07026867665
matchup[696],4472.835360629
matchup[697],5687.15905637549
matchup[698],6554.06076843395
matchup[699],5521.78147518019
matchup[700],6060.42612924128
matchup[701],4872.11852651138
matchup[702],5749.05522429293
matchup[703],5048.16707644374
matchup[704],5687.15905637549
matchup[705],4815.43369485101
matchup[706],5869.19159248526
matchup[707],5687.15905637549
matchup[708],4872.11852651138
matchup[709],5687.15905637549
matchup[710],4872.11852651138
matchup[711],5687.15905637549
matchup[712],4872.11852651138
matchup[713],5663.80583548398
matchup[714],4872.11852651138
matchup[715],7580.94147948005
matchup[716],5663.80583548398
matchup[717],7580.94147948005
matchup[718],7580.94147948005
matchup[719],7580.94147948005
matchup[720],7580.94147948005
matchup[721],6750.93729571361
matchup[722],6750.93729571361
matchup[723],5062.97805190613
matchup[724],6414.05105666066
matchup[725],6414.05105666066
matchup[726],6098.04848588042
matchup[727],4395.61038247674
matchup[728],6414.05105666066
matchup[729],6414.05105666066
matchup[730],4010.05657466468
matchup[731],6265.52437969017
matchup[732],6414.05105666066
matchup[733],6024.4331854848
matchup[734],5348.87698310891
matchup[735],6750.93729571361
matchup[736],5926.19843915527
matchup[737],4343.97616290304
matchup[738],5544.40473731402
matchup[739],4126.27195456447
matchup[740],6526.18265925003
matchup[741],5015.98195437366
matchup[742],6526.18265925003
matchup[743],6965.71240974683
matchup[744],4913.0042745816
matchup[745],6526.18265925003
matchup[746],4534.09926743033
matchup[747],6168.25376977054
matchup[748],6526.18265925003
matchup[749],5421.62234015914
matchup[750],6965.71240974683
matchup[751],5715.49771130857
matchup[752],6628.81040231068
matchup[753],6526.18265925003
matchup[754],6305.53572588572
matchup[755],4798.00801801032
matchup[756],4738.30211619205
matchup[757],6265.52437969017
matchup[758],6305.53572588572
matchup[759],6965.71240974683
matchup[760],6121.76079533063
matchup[761],6121.76079533063
matchup[762],6121.76079533063
matchup[763],6121.76079533063
matchup[764],6121.76079533063
matchup[765],5494.49459416942
matchup[766],5494.49459416942
matchup[767],5494.49459416942
matchup[768],6750.93729571361
matchup[769],5494.49459416942
matchup[770],5494.49459416942
sd_player,1155.01988700192
sd_starter_vs_starter,1842.16150787337
sd_starter_vs_spec,1183.73426106923
sd_spec_vs_spec,1165.53624490949
player[1],2477.79319932278
player[2],5084.04384501019
player[3],4106.21323735885
player[4],3925.26149204289
player[5],3606.19556168741
player[6],3472.22809249694
player[7],3396.11478134748
player[8],2551.22050741359
player[9],3305.71571383729
player[10],2967.79418043738
player[11],3997.87366470998
player[12],2851.32584327546
player[13],3702.49554056325
player[14],2809.7121957862
player[15],4796.97811930428
player[16],2187.01837632484
player[17],2831.28237857517
player[18],4390.27495101752
player[19],4719.63546209396
player[20],2735.91458730367
player[21],3740.23530613051
player[22],4299.84142816357
player[23],2773.50520073192
player[24],4492.77892306187
player[25],1884.51514404272
player[26],4425.20607625079
player[27],4357.34801798919
player[28],3475.38132497455
player[29],3267.8911847459
player[30],4219.29946704226
player[31],3835.84944985162
player[32],3818.09230001618
player[33],4213.1292928334
player[34],3732.1869797868
player[35],3341.93091221696
player[36],5116.05008071135
player[37],4102.08946353216
player[38],2901.29828463399
player[39],4246.86140250249
player[40],3891.00668179411
player[41],3400.36418732099
player[42],4251.43254100248
player[43],3360.25610180976
player[44],4110.34693697492
player[45],3111.16711538085
player[46],3895.24942084899
player[47],4871.74337076664
player[48],3589.33365145101
player[49],4467.67155698285
player[50],4088.8453533989
player[51],3979.32545172971
player[52],3660.02465839943
player[53],4196.78018171554
player[54],3534.46955836021
player[55],4188.56719962927
player[56],3561.27979669649
player[57],4512.62485114468
player[58],3868.78567895269
player[59],2849.53259368134
player[60],4171.34245918606
player[61],4710.54149392063
player[62],4056.430443076
player[63],4696.55662375611
player[64],4936.50109454107
player[65],3980.60423715709
player[66],4465.17996396361
player[67],4305.87713849005
player[68],3839.1409715725
player[69],4398.53586885301
player[70],4005.20907315138
player[71],3983.81284869932
player[72],2399.9379151599
"starter_vs_starter[1,1]",3402.6435977683
"starter_vs_starter[1,2]",4318.11386998668
"starter_vs_starter[1,3]",3250.60052107631
"starter_vs_starter[1,4]",4048.31840207259
"starter_vs_starter[1,5]",3308.85083973485
"starter_vs_starter[1,6]",3327.13987500717
"starter_vs_starter[1,7]",2828.13954481072
"starter_vs_starter[2,1]",3539.51282548509
"starter_vs_starter[2,2]",4085.90494052218
"starter_vs_starter[2,3]",4030.35672179812
"starter_vs_starter[2,4]",4320.27716866447
"starter_vs_starter[2,5]",3717.57551962682
"starter_vs_starter[2,6]",3408.50008317889
"starter_vs_starter[2,7]",4106.00728070757
"starter_vs_starter[3,1]",3204.11932770293
"starter_vs_starter[3,2]",3016.35285547889
"starter_vs_starter[3,3]",4297.82816003804
"starter_vs_starter[3,4]",4202.78534342612
"starter_vs_starter[3,5]",3535.2317397134
"starter_vs_starter[3,6]",3978.65765426756
"starter_vs_starter[3,7]",4482.80640297111
"starter_vs_starter[4,1]",3683.42613228429
"starter_vs_starter[4,2]",3797.29118652103
"starter_vs_starter[4,3]",3656.42520309993
"starter_vs_starter[4,4]",3737.15314271694
"starter_vs_starter[4,5]",4465.25571777773
"starter_vs_starter[4,6]",4192.66283387985
"starter_vs_starter[4,7]",4388.29971691226
"starter_vs_starter[5,1]",3221.97575771999
"starter_vs_starter[5,2]",4092.68106544478
"starter_vs_starter[5,3]",3607.70751249866
"starter_vs_starter[5,4]",3872.14936574586
"starter_vs_starter[5,5]",4047.35673352521
"starter_vs_starter[5,6]",3882.42429461375
"starter_vs_starter[5,7]",3778.98163756209
"starter_vs_starter[6,1]",3848.80611486377
"starter_vs_starter[6,2]",3568.57533888554
"starter_vs_starter[6,3]",3586.27230654853
"starter_vs_starter[6,4]",4259.56832818706
"starter_vs_starter[6,5]",3440.08596235415
"starter_vs_starter[6,6]",4353.57959801497
"starter_vs_starter[6,7]",4072.73716889908
"starter_vs_starter[7,1]",3457.73489098408
"starter_vs_starter[7,2]",3720.75219749415
"starter_vs_starter[7,3]",3593.09557525524
"starter_vs_starter[7,4]",4350.68279562843
"starter_vs_starter[7,5]",4003.34462896684
"starter_vs_starter[7,6]",3576.7009932641
"starter_vs_starter[7,7]",3267.91224222497
"starter_vs_spec[1,1]",4395.69762748034
"starter_vs_spec[1,2]",4144.91031878868
"starter_vs_spec[1,3]",3876.39315617711
"starter_vs_spec[1,4]",3441.1196746481
"starter_vs_spec[1,5]",4244.55772876383
"starter_vs_spec[1,6]",4087.29580549111
"starter_vs_spec[1,7]",4531.27070887418
"starter_vs_spec[1,8]",4283.65942028156
"starter_vs_spec[1,9]",3881.4850204381
"starter_vs_spec[1,10]",3807.10972055903
"starter_vs_spec[1,11]",3355.42068867784
"starter_vs_spec[1,12]",2795.04239966454
"starter_vs_spec[1,13]",4840.79875858495
"starter_vs_spec[1,14]",3191.57410897542
"starter_vs_spec[1,15]",3428.30338154988
"starter_vs_spec[1,16]",3939.11011802163
"starter_vs_spec[1,17]",3533.72069852599
"starter_vs_spec[1,18]",4156.35915338039
"starter_vs_spec[1,19]",4046.60892041257
"starter_vs_spec[1,20]",3703.17915278647
"starter_vs_spec[2,1]",4543.79673228419
"starter_vs_spec[2,2]",4967.99353607481
"starter_vs_spec[2,3]",4140.58180856407
"starter_vs_spec[2,4]",4183.97013532273
"starter_vs_spec[2,5]",3872.892431914
"starter_vs_spec[2,6]",4571.76665605992
"starter_vs_spec[2,7]",4890.57013153487
"starter_vs_spec[2,8]",4668.47213602207
"starter_vs_spec[2,9]",4512.05565847114
"starter_vs_spec[2,10]",3919.57438964439
"starter_vs_spec[2,11]",4151.66896986057
"starter_vs_spec[2,12]",4809.97114751515
"starter_vs_spec[2,13]",4375.0379007671
"starter_vs_spec[2,14]",4361.46765661295
"starter_vs_spec[2,15]",4573.7733827584
"starter_vs_spec[2,16]",4470.07662581436
"starter_vs_spec[2,17]",3909.52708308258
"starter_vs_spec[2,18]",4750.88725944142
"starter_vs_spec[2,19]",5576.23897615328
"starter_vs_spec[2,20]",4726.89281443139
"starter_vs_spec[3,1]",3964.81281265058
"starter_vs_spec[3,2]",4196.43683350639
"starter_vs_spec[3,3]",3977.68354780358
"starter_vs_spec[3,4]",4441.83847177683
"starter_vs_spec[3,5]",4598.54879515466
"starter_vs_spec[3,6]",4251.69124774258
"starter_vs_spec[3,7]",4668.72452195056
"starter_vs_spec[3,8]",3722.84279409456
"starter_vs_spec[3,9]",4251.65879651899
"starter_vs_spec[3,10]",4386.18735586234
"starter_vs_spec[3,11]",4123.4013903843
"starter_vs_spec[3,12]",3602.28722013397
"starter_vs_spec[3,13]",4034.7289573985
"starter_vs_spec[3,14]",3453.6454903648
"starter_vs_spec[3,15]",3423.92850541361
"starter_vs_spec[3,16]",4241.56729183796
"starter_vs_spec[3,17]",3870.30092605971
"starter_vs_spec[3,18]",4761.64617962132
"starter_vs_spec[3,19]",4410.01944597005
"starter_vs_spec[3,20]",3595.52486498157
"starter_vs_spec[4,1]",4336.71201679176
"starter_vs_spec[4,2]",4524.05134492533
"starter_vs_spec[4,3]",4988.00137788771
"starter_vs_spec[4,4]",3140.77304989375
"starter_vs_spec[4,5]",4605.80301116626
"starter_vs_spec[4,6]",4404.03869238865
"starter_vs_spec[4,7]",3913.33801955236
"starter_vs_spec[4,8]",3586.17701472448
"starter_vs_spec[4,9]",4435.0219343081
"starter_vs_spec[4,10]",3550.55195995575
"starter_vs_spec[4,11]",4317.78336355375
"starter_vs_spec[4,12]",4157.57273822887
"starter_vs_spec[4,13]",3893.7690852659
"starter_vs_spec[4,14]",5061.80470072335
"starter_vs_spec[4,15]",4510.51395809602
"starter_vs_spec[4,16]",4114.49460583981
"starter_vs_spec[4,17]",4124.04275460179
"starter_vs_spec[4,18]",4000.46911832275
"starter_vs_spec[4,19]",3650.68131710083
"starter_vs_spec[4,20]",4732.90841792402
"starter_vs_spec[5,1]",4264.16695164547
"starter_vs_spec[5,2]",3751.26429723203
"starter_vs_spec[5,3]",4535.87573351437
"starter_vs_spec[5,4]",3536.95784016092
"starter_vs_spec[5,5]",3886.78191874409
"starter_vs_spec[5,6]",3179.58656819892
"starter_vs_spec[5,7]",4010.00174053572
"starter_vs_spec[5,8]",4460.96606744907
"starter_vs_spec[5,9]",3842.13000257914
"starter_vs_spec[5,10]",4275.98097617608
"starter_vs_spec[5,11]",4996.59060453652
"starter_vs_spec[5,12]",3573.86414680271
"starter_vs_spec[5,13]",3864.59828776288
"starter_vs_spec[5,14]",3489.23947774965
"starter_vs_spec[5,15]",4915.75429825206
"starter_vs_spec[5,16]",4512.78069305996
"starter_vs_spec[5,17]",3457.0325414698
"starter_vs_spec[5,18]",4325.55794196015
"starter_vs_spec[5,19]",4726.65833798635
"starter_vs_spec[5,20]",4342.2572459504
"starter_vs_spec[6,1]",3900.9044494771
"starter_vs_spec[6,2]",4717.09982390246
"starter_vs_spec[6,3]",4046.52474885473
"starter_vs_spec[6,4]",3875.12276711571
"starter_vs_spec[6,5]",3886.5623361333
"starter_vs_spec[6,6]",3951.91109899552
"starter_vs_spec[6,7]",4819.49977411326
"starter_vs_spec[6,8]",3828.92900199918
"starter_vs_spec[6,9]",3401.36408843682
"starter_vs_spec[6,10]",4210.81103716215
"starter_vs_spec[6,11]",4869.58512961067
"starter_vs_spec[6,12]",4033.23538308594
"starter_vs_spec[6,13]",3852.90301824413
"starter_vs_spec[6,14]",4041.39424211374
"starter_vs_spec[6,15]",4049.64184870408
"starter_vs_spec[6,16]",4409.37356662853
"starter_vs_spec[6,17]",4246.20145679026
"starter_vs_spec[6,18]",4927.14116800027
"starter_vs_spec[6,19]",4205.35427879979
"starter_vs_spec[6,20]",4172.99679491322
"starter_vs_spec[7,1]",4408.85513099389
"starter_vs_spec[7,2]",4729.8914801415
"starter_vs_spec[7,3]",4657.87968192952
"starter_vs_spec[7,4]",3826.06674814216
"starter_vs_spec[7,5]",4361.82223220337
"starter_vs_spec[7,6]",3839.22204226274
"starter_vs_spec[7,7]",4415.59241213485
"starter_vs_spec[7,8]",4581.36244108066
"starter_vs_spec[7,9]",4121.90808640165
"starter_vs_spec[7,10]",4207.2917437028
"starter_vs_spec[7,11]",3971.61508366163
"starter_vs_spec[7,12]",3990.90399185328
"starter_vs_spec[7,13]",3767.17295923965
"starter_vs_spec[7,14]",3899.08349798648
"starter_vs_spec[7,15]",4749.22012568785
"starter_vs_spec[7,16]",3971.30747408112
"starter_vs_spec[7,17]",4544.51144926434
"starter_vs_spec[7,18]",4507.07047010265
"starter_vs_spec[7,19]",3591.33745168393
"starter_vs_spec[7,20]",4235.32406073485
"spec_vs_starter[1,1]",4369.72029109065
"spec_vs_starter[1,2]",4157.65601539735
"spec_vs_starter[1,3]",3148.46202224796
"spec_vs_starter[1,4]",4276.01109133047
"spec_vs_starter[1,5]",4673.07590662365
"spec_vs_starter[1,6]",4640.23775408721
"spec_vs_starter[1,7]",3660.31106112765
"spec_vs_starter[2,1]",3992.07776961251
"spec_vs_starter[2,2]",4428.44345160485
"spec_vs_starter[2,3]",4372.5283664604
"spec_vs_starter[2,4]",4525.64252569436
"spec_vs_starter[2,5]",4320.00946273814
"spec_vs_starter[2,6]",4388.19200970614
"spec_vs_starter[2,7]",3914.01152999909
"spec_vs_starter[3,1]",4434.67004842887
"spec_vs_starter[3,2]",4992.64953787973
"spec_vs_starter[3,3]",4391.31832503356
"spec_vs_starter[3,4]",4468.94594831159
"spec_vs_starter[3,5]",4363.90233708754
"spec_vs_starter[3,6]",3869.20691367761
"spec_vs_starter[3,7]",4248.95321717763
"spec_vs_starter[4,1]",3563.86438275538
"spec_vs_starter[4,2]",3595.90246526328
"spec_vs_starter[4,3]",3582.59284866943
"spec_vs_starter[4,4]",4315.51653282416
"spec_vs_starter[4,5]",4321.94818899365
"spec_vs_starter[4,6]",4315.45444100242
"spec_vs_starter[4,7]",4638.44725095574
"spec_vs_starter[5,1]",4320.71286156505
"spec_vs_starter[5,2]",4319.36647025104
"spec_vs_starter[5,3]",4169.39641849148
"spec_vs_starter[5,4]",3600.60201998232
"spec_vs_starter[5,5]",3987.24627999403
"spec_vs_starter[5,6]",4087.8468670753
"spec_vs_starter[5,7]",3585.7126193782
"spec_vs_starter[6,1]",3287.78938876094
"spec_vs_starter[6,2]",4065.44461421893
"spec_vs_starter[6,3]",3516.037591584
"spec_vs_starter[6,4]",4502.31703736857
"spec_vs_starter[6,5]",3864.64342899868
"spec_vs_starter[6,6]",4660.8937192954
"spec_vs_starter[6,7]",3012.53375788845
"spec_vs_starter[7,1]",5077.93185346735
"spec_vs_starter[7,2]",4967.26717819667
"spec_vs_starter[7,3]",4203.06413163621
"spec_vs_starter[7,4]",4560.19281979613
"spec_vs_starter[7,5]",3888.25900060288
"spec_vs_starter[7,6]",4804.91729792214
"spec_vs_starter[7,7]",3735.5740669931
"spec_vs_starter[8,1]",3804.9886330341
"spec_vs_starter[8,2]",4163.3253543466
"spec_vs_starter[8,3]",5675.65435894509
"spec_vs_starter[8,4]",4705.43215294423
"spec_vs_starter[8,5]",3982.65336919666
"spec_vs_starter[8,6]",4445.89447014316
"spec_vs_starter[8,7]",4105.50202711015
"spec_vs_starter[9,1]",4244.59453754672
"spec_vs_starter[9,2]",4447.98141914521
"spec_vs_starter[9,3]",4189.06198040007
"spec_vs_starter[9,4]",4386.03910098834
"spec_vs_starter[9,5]",4520.01989828985
"spec_vs_starter[9,6]",4256.76984088619
"spec_vs_starter[9,7]",4339.2988789508
"spec_vs_starter[10,1]",4263.92921718077
"spec_vs_starter[10,2]",4759.02098288157
"spec_vs_starter[10,3]",3882.92366277215
"spec_vs_starter[10,4]",4619.5734186216
"spec_vs_starter[10,5]",4379.42477054029
"spec_vs_starter[10,6]",4283.22183659704
"spec_vs_starter[10,7]",4311.25124370562
"spec_vs_starter[11,1]",4197.77209294121
"spec_vs_starter[11,2]",4730.60104513193
"spec_vs_starter[11,3]",3466.08740767974
"spec_vs_starter[11,4]",3689.1663774898
"spec_vs_starter[11,5]",4234.385492972
"spec_vs_starter[11,6]",4162.38974895328
"spec_vs_starter[11,7]",4031.23377730855
"spec_vs_starter[12,1]",3395.47110139452
"spec_vs_starter[12,2]",4544.01032501722
"spec_vs_starter[12,3]",4250.39598072753
"spec_vs_starter[12,4]",4283.68218243756
"spec_vs_starter[12,5]",4620.54093318087
"spec_vs_starter[12,6]",4215.18074248428
"spec_vs_starter[12,7]",4247.07227916578
"spec_vs_starter[13,1]",3761.37976587057
"spec_vs_starter[13,2]",4864.82874403954
"spec_vs_starter[13,3]",3637.3745541821
"spec_vs_starter[13,4]",4649.12411341065
"spec_vs_starter[13,5]",4443.31630695092
"spec_vs_starter[13,6]",4273.31136883705
"spec_vs_starter[13,7]",4652.36412211695
"spec_vs_starter[14,1]",4013.65840183676
"spec_vs_starter[14,2]",4310.72289613936
"spec_vs_starter[14,3]",3394.11658788982
"spec_vs_starter[14,4]",4555.80242111375
"spec_vs_starter[14,5]",3867.34691721426
"spec_vs_starter[14,6]",4314.63738928854
"spec_vs_starter[14,7]",4165.04881374051
"spec_vs_starter[15,1]",4592.82192869252
"spec_vs_starter[15,2]",4147.08833579263
"spec_vs_starter[15,3]",4376.24797159041
"spec_vs_starter[15,4]",4277.88550330221
"spec_vs_starter[15,5]",4301.78224032849
"spec_vs_starter[15,6]",4622.40044939024
"spec_vs_starter[15,7]",4639.37003512082
"spec_vs_starter[16,1]",4520.18243464732
"spec_vs_starter[16,2]",4388.91294420134
"spec_vs_starter[16,3]",3928.05634864396
"spec_vs_starter[16,4]",5025.47097827848
"spec_vs_starter[16,5]",4539.50655905094
"spec_vs_starter[16,6]",4305.90983770535
"spec_vs_starter[16,7]",3760.59057292249
"spec_vs_starter[17,1]",3936.10508059282
"spec_vs_starter[17,2]",5142.06068848532
"spec_vs_starter[17,3]",3729.22756128553
"spec_vs_starter[17,4]",4983.89131249306
"spec_vs_starter[17,5]",4782.09399993389
"spec_vs_starter[17,6]",4056.34129168455
"spec_vs_starter[17,7]",4053.8480722239
"spec_vs_starter[18,1]",3917.37167301133
"spec_vs_starter[18,2]",4515.03090949767
"spec_vs_starter[18,3]",3878.2012470841
"spec_vs_starter[18,4]",4548.53543933227
"spec_vs_starter[18,5]",3849.62105944635
"spec_vs_starter[18,6]",4328.05533353142
"spec_vs_starter[18,7]",4083.5780790373
"spec_vs_starter[19,1]",3849.5808304739
"spec_vs_starter[19,2]",4455.42242136717
"spec_vs_starter[19,3]",3812.64172404502
"spec_vs_starter[19,4]",4693.36516625119
"spec_vs_starter[19,5]",4234.49358536861
"spec_vs_starter[19,6]",4147.38372320017
"spec_vs_starter[19,7]",3911.31859623852
"spec_vs_starter[20,1]",3740.15826564304
"spec_vs_starter[20,2]",4297.00618740731
"spec_vs_starter[20,3]",4459.65987724295
"spec_vs_starter[20,4]",3569.81117820116
"spec_vs_starter[20,5]",4987.58378466922
"spec_vs_starter[20,6]",5182.56454328031
"spec_vs_starter[20,7]",4116.92320166632
"spec_vs_spec[1,1]",4328.00349170841
"spec_vs_spec[1,2]",4721.55182958034
"spec_vs_spec[1,3]",4989.46033766461
"spec_vs_spec[1,4]",3848.34205879164
"spec_vs_spec[1,5]",4589.11342740568
"spec_vs_spec[1,6]",4102.72979811334
"spec_vs_spec[1,7]",4286.83226323617
"spec_vs_spec[1,8]",4097.79052229689
"spec_vs_spec[1,9]",4033.90670154025
"spec_vs_spec[1,10]",4038.08537236897
"spec_vs_spec[1,11]",3474.97666522777
"spec_vs_spec[1,12]",4109.58724733242
"spec_vs_spec[1,13]",4170.28023605957
"spec_vs_spec[1,14]",4093.02943269863
"spec_vs_spec[1,15]",4063.47830420704
"spec_vs_spec[1,16]",3822.88135154115
"spec_vs_spec[1,17]",3917.22495922552
"spec_vs_spec[1,18]",4460.16943081848
"spec_vs_spec[1,19]",4446.19953081692
"spec_vs_spec[1,20]",4034.6140820194
"spec_vs_spec[2,1]",3842.6977839803
"spec_vs_spec[2,2]",5441.65564062966
"spec_vs_spec[2,3]",3855.13036384736
"spec_vs_spec[2,4]",4204.09402124859
"spec_vs_spec[2,5]",4852.05848617796
"spec_vs_spec[2,6]",4325.34249813519
"spec_vs_spec[2,7]",4239.86304729178
"spec_vs_spec[2,8]",4607.18415810404
"spec_vs_spec[2,9]",4491.69297928151
"spec_vs_spec[2,10]",4439.79428421825
"spec_vs_spec[2,11]",4005.00042814832
"spec_vs_spec[2,12]",4509.53949276539
"spec_vs_spec[2,13]",4269.87049288066
"spec_vs_spec[2,14]",4343.56508948624
"spec_vs_spec[2,15]",5032.90810121532
"spec_vs_spec[2,16]",4606.17682983544
"spec_vs_spec[2,17]",4300.53124638068
"spec_vs_spec[2,18]",4469.53715421998
"spec_vs_spec[2,19]",4914.31110417908
"spec_vs_spec[2,20]",3779.96922841143
"spec_vs_spec[3,1]",5121.1048227005
"spec_vs_spec[3,2]",4898.60064659316
"spec_vs_spec[3,3]",5055.26198704752
"spec_vs_spec[3,4]",4195.16035581917
"spec_vs_spec[3,5]",4207.12464782052
"spec_vs_spec[3,6]",4456.26808507903
"spec_vs_spec[3,7]",4681.37600685298
"spec_vs_spec[3,8]",4897.37449381332
"spec_vs_spec[3,9]",3525.32509646584
"spec_vs_spec[3,10]",5082.96122626701
"spec_vs_spec[3,11]",4325.42623214191
"spec_vs_spec[3,12]",4454.43634510583
"spec_vs_spec[3,13]",4299.14883605827
"spec_vs_spec[3,14]",4104.38141281094
"spec_vs_spec[3,15]",4111.80302838859
"spec_vs_spec[3,16]",4251.61760574642
"spec_vs_spec[3,17]",4124.37413542054
"spec_vs_spec[3,18]",3703.96663985901
"spec_vs_spec[3,19]",4830.42697309876
"spec_vs_spec[3,20]",4505.39260972434
"spec_vs_spec[4,1]",3941.15118828533
"spec_vs_spec[4,2]",4308.42995844662
"spec_vs_spec[4,3]",4307.76390608071
"spec_vs_spec[4,4]",3880.46057925612
"spec_vs_spec[4,5]",4113.18771433731
"spec_vs_spec[4,6]",3644.6898606693
"spec_vs_spec[4,7]",4725.60504625052
"spec_vs_spec[4,8]",4536.40492268397
"spec_vs_spec[4,9]",4416.31933352058
"spec_vs_spec[4,10]",4201.37441352831
"spec_vs_spec[4,11]",4497.9912400232
"spec_vs_spec[4,12]",4124.091686584
"spec_vs_spec[4,13]",3906.59780590517
"spec_vs_spec[4,14]",4462.00170955247
"spec_vs_spec[4,15]",4500.57721987872
"spec_vs_spec[4,16]",5281.72923424357
"spec_vs_spec[4,17]",4530.21451440346
"spec_vs_spec[4,18]",4521.92967187266
"spec_vs_spec[4,19]",4183.0430970555
"spec_vs_spec[4,20]",3987.72276470645
"spec_vs_spec[5,1]",3684.04546868886
"spec_vs_spec[5,2]",4074.35699584887
"spec_vs_spec[5,3]",4638.12183533313
"spec_vs_spec[5,4]",4309.41452000249
"spec_vs_spec[5,5]",4098.07589364308
"spec_vs_spec[5,6]",3941.91202832211
"spec_vs_spec[5,7]",3660.5137139365
"spec_vs_spec[5,8]",4742.05962045956
"spec_vs_spec[5,9]",4673.93165249391
"spec_vs_spec[5,10]",4347.89240106116
"spec_vs_spec[5,11]",4617.77101140212
"spec_vs_spec[5,12]",4404.88595421873
"spec_vs_spec[5,13]",4175.67806138539
"spec_vs_spec[5,14]",4170.68482720943
"spec_vs_spec[5,15]",3622.28429245311
"spec_vs_spec[5,16]",3795.53200698925
"spec_vs_spec[5,17]",4087.24374774824
"spec_vs_spec[5,18]",3713.98484970866
"spec_vs_spec[5,19]",4452.72824620714
"spec_vs_spec[5,20]",3995.48671826667
"spec_vs_spec[6,1]",4628.33729665127
"spec_vs_spec[6,2]",4426.86171376705
"spec_vs_spec[6,3]",4657.47439224509
"spec_vs_spec[6,4]",4216.38550172182
"spec_vs_spec[6,5]",4195.87644502619
"spec_vs_spec[6,6]",3393.70048248294
"spec_vs_spec[6,7]",4286.03002276372
"spec_vs_spec[6,8]",4146.91013928295
"spec_vs_spec[6,9]",4406.69088282307
"spec_vs_spec[6,10]",4804.99412102018
"spec_vs_spec[6,11]",4783.57738930895
"spec_vs_spec[6,12]",4277.98504708659
"spec_vs_spec[6,13]",4152.93019980791
"spec_vs_spec[6,14]",4866.87925600354
"spec_vs_spec[6,15]",3701.43103635335
"spec_vs_spec[6,16]",3645.65592213148
"spec_vs_spec[6,17]",4114.75094794678
"spec_vs_spec[6,18]",4287.42394341616
"spec_vs_spec[6,19]",4118.11214186101
"spec_vs_spec[6,20]",4646.30116332835
"spec_vs_spec[7,1]",4654.08978616732
"spec_vs_spec[7,2]",3847.98473272077
"spec_vs_spec[7,3]",5201.99950792439
"spec_vs_spec[7,4]",4646.40548368961
"spec_vs_spec[7,5]",4437.39901401023
"spec_vs_spec[7,6]",4332.19143585732
"spec_vs_spec[7,7]",4787.78088788919
"spec_vs_spec[7,8]",4878.69260450574
"spec_vs_spec[7,9]",4278.66124259786
"spec_vs_spec[7,10]",4099.41781115231
"spec_vs_spec[7,11]",4288.22332471829
"spec_vs_spec[7,12]",4462.91213594429
"spec_vs_spec[7,13]",4256.3901693528
"spec_vs_spec[7,14]",4387.94346348754
"spec_vs_spec[7,15]",4040.20475132835
"spec_vs_spec[7,16]",4578.71170156818
"spec_vs_spec[7,17]",4592.22065186494
"spec_vs_spec[7,18]",4237.36789541233
"spec_vs_spec[7,19]",4346.02011132905
"spec_vs_spec[7,20]",5001.69488478889
"spec_vs_spec[8,1]",4615.96942124436
"spec_vs_spec[8,2]",3973.5777975697
"spec_vs_spec[8,3]",5534.3312041684
"spec_vs_spec[8,4]",4091.89528246097
"spec_vs_spec[8,5]",4547.00184089963
"spec_vs_spec[8,6]",3976.39286729323
"spec_vs_spec[8,7]",4846.18558886231
"spec_vs_spec[8,8]",5508.83023137005
"spec_vs_spec[8,9]",4102.51197916718
"spec_vs_spec[8,10]",3966.25510531724
"spec_vs_spec[8,11]",4576.12593746537
"spec_vs_spec[8,12]",4036.04378952531
"spec_vs_spec[8,13]",3586.99573602442
"spec_vs_spec[8,14]",4177.68840174079
"spec_vs_spec[8,15]",4221.42057549894
"spec_vs_spec[8,16]",4554.05881723221
"spec_vs_spec[8,17]",3988.84046436645
"spec_vs_spec[8,18]",3689.79809690742
"spec_vs_spec[8,19]",4487.66317972325
"spec_vs_spec[8,20]",4452.89323362058
"spec_vs_spec[9,1]",3802.40922102836
"spec_vs_spec[9,2]",4726.60221599928
"spec_vs_spec[9,3]",4550.97990447194
"spec_vs_spec[9,4]",4009.09370406387
"spec_vs_spec[9,5]",4578.81061393739
"spec_vs_spec[9,6]",3805.77829881933
"spec_vs_spec[9,7]",4709.19908504391
"spec_vs_spec[9,8]",4630.49039831356
"spec_vs_spec[9,9]",4608.16778453453
"spec_vs_spec[9,10]",4888.6341726736
"spec_vs_spec[9,11]",4130.36620908465
"spec_vs_spec[9,12]",4307.99188574099
"spec_vs_spec[9,13]",4617.63051585806
"spec_vs_spec[9,14]",3998.572130378
"spec_vs_spec[9,15]",4658.33346088081
"spec_vs_spec[9,16]",4344.53098164581
"spec_vs_spec[9,17]",4791.72272474156
"spec_vs_spec[9,18]",3821.81251347985
"spec_vs_spec[9,19]",3922.43636744251
"spec_vs_spec[9,20]",4497.6331102069
"spec_vs_spec[10,1]",4290.43171491089
"spec_vs_spec[10,2]",3594.7152450431
"spec_vs_spec[10,3]",4466.51285828208
"spec_vs_spec[10,4]",3679.22812300376
"spec_vs_spec[10,5]",3295.95096021136
"spec_vs_spec[10,6]",4065.23997869379
"spec_vs_spec[10,7]",4608.66767946103
"spec_vs_spec[10,8]",5262.17872578025
"spec_vs_spec[10,9]",4328.09943983043
"spec_vs_spec[10,10]",4594.4354631551
"spec_vs_spec[10,11]",4215.03882618413
"spec_vs_spec[10,12]",4185.79199940245
"spec_vs_spec[10,13]",3924.85818954935
"spec_vs_spec[10,14]",4121.53842720436
"spec_vs_spec[10,15]",4893.00879729094
"spec_vs_spec[10,16]",4199.93252041411
"spec_vs_spec[10,17]",4645.67924822853
"spec_vs_spec[10,18]",4466.9189049399
"spec_vs_spec[10,19]",4759.12936106691
"spec_vs_spec[10,20]",3683.25264816018
"spec_vs_spec[11,1]",4350.78568079006
"spec_vs_spec[11,2]",4544.39163288905
"spec_vs_spec[11,3]",4851.73324404421
"spec_vs_spec[11,4]",4025.29107374986
"spec_vs_spec[11,5]",3734.3915863952
"spec_vs_spec[11,6]",4086.31037559489
"spec_vs_spec[11,7]",4331.51590029459
"spec_vs_spec[11,8]",5259.26901182007
"spec_vs_spec[11,9]",4622.22744745274
"spec_vs_spec[11,10]",4522.63821388378
"spec_vs_spec[11,11]",4837.33302406626
"spec_vs_spec[11,12]",2974.5681092501
"spec_vs_spec[11,13]",4154.5577329435
"spec_vs_spec[11,14]",4311.98742119505
"spec_vs_spec[11,15]",4565.50590732316
"spec_vs_spec[11,16]",4206.13410082262
"spec_vs_spec[11,17]",4652.57439901272
"spec_vs_spec[11,18]",4644.44890521844
"spec_vs_spec[11,19]",4377.13717346384
"spec_vs_spec[11,20]",4573.2326244472
"spec_vs_spec[12,1]",4563.02004848888
"spec_vs_spec[12,2]",4674.2624103851
"spec_vs_spec[12,3]",4539.83613883542
"spec_vs_spec[12,4]",3633.7276586769
"spec_vs_spec[12,5]",4258.67081440488
"spec_vs_spec[12,6]",4505.49406847069
"spec_vs_spec[12,7]",4447.53807358762
"spec_vs_spec[12,8]",4153.31518661956
"spec_vs_spec[12,9]",4109.01940271957
"spec_vs_spec[12,10]",4348.70279537064
"spec_vs_spec[12,11]",4374.62953615573
"spec_vs_spec[12,12]",3865.60647213782
"spec_vs_spec[12,13]",4575.1345498457
"spec_vs_spec[12,14]",4428.77434424912
"spec_vs_spec[12,15]",4471.5591440967
"spec_vs_spec[12,16]",4001.85292579388
"spec_vs_spec[12,17]",4490.97566321565
"spec_vs_spec[12,18]",4263.31306349149
"spec_vs_spec[12,19]",3729.35999539241
"spec_vs_spec[12,20]",4551.24789375482
"spec_vs_spec[13,1]",4282.20361315446
"spec_vs_spec[13,2]",4143.79564943137
"spec_vs_spec[13,3]",4128.16565870565
"spec_vs_spec[13,4]",4514.99326885294
"spec_vs_spec[13,5]",4033.84604470924
"spec_vs_spec[13,6]",4776.81186919677
"spec_vs_spec[13,7]",4184.57388299105
"spec_vs_spec[13,8]",3616.68807153662
"spec_vs_spec[13,9]",4253.46771455252
"spec_vs_spec[13,10]",4930.1603132579
"spec_vs_spec[13,11]",4594.70324221608
"spec_vs_spec[13,12]",3759.91488100885
"spec_vs_spec[13,13]",4582.47532391194
"spec_vs_spec[13,14]",3642.65064115904
"spec_vs_spec[13,15]",4338.87044652189
"spec_vs_spec[13,16]",4561.46707333273
"spec_vs_spec[13,17]",3890.78589503576
"spec_vs_spec[13,18]",3497.85905387614
"spec_vs_spec[13,19]",3908.47762838721
"spec_vs_spec[13,20]",4349.14775312898
"spec_vs_spec[14,1]",3969.37461199203
"spec_vs_spec[14,2]",3980.59693034729
"spec_vs_spec[14,3]",3979.58499189506
"spec_vs_spec[14,4]",4563.36400813919
"spec_vs_spec[14,5]",3867.11350196924
"spec_vs_spec[14,6]",3250.56380917814
"spec_vs_spec[14,7]",4601.14136296629
"spec_vs_spec[14,8]",3856.63817929749
"spec_vs_spec[14,9]",4557.4877524204
"spec_vs_spec[14,10]",4488.43643687026
"spec_vs_spec[14,11]",3764.31929447403
"spec_vs_spec[14,12]",3461.6183461851
"spec_vs_spec[14,13]",4423.2133074018
"spec_vs_spec[14,14]",3680.01662680933
"spec_vs_spec[14,15]",4320.73307076938
"spec_vs_spec[14,16]",4473.39313422333
"spec_vs_spec[14,17]",3481.79191921727
"spec_vs_spec[14,18]",4826.55082894834
"spec_vs_spec[14,19]",4746.85089797983
"spec_vs_spec[14,20]",4088.55151676228
"spec_vs_spec[15,1]",4129.60279175085
"spec_vs_spec[15,2]",4336.76588286448
"spec_vs_spec[15,3]",3852.89342597896
"spec_vs_spec[15,4]",4309.0530826505
"spec_vs_spec[15,5]",3801.43340694122
"spec_vs_spec[15,6]",4377.13119413462
"spec_vs_spec[15,7]",3764.7958511475
"spec_vs_spec[15,8]",4127.18321403491
"spec_vs_spec[15,9]",4816.05333343033
"spec_vs_spec[15,10]",4720.86782582707
"spec_vs_spec[15,11]",3934.69317618587
"spec_vs_spec[15,12]",5344.4857883217
"spec_vs_spec[15,13]",4697.01403547772
"spec_vs_spec[15,14]",4716.38041677965
"spec_vs_spec[15,15]",4585.60445355047
"spec_vs_spec[15,16]",4628.67963807307
"spec_vs_spec[15,17]",3756.9127068157
"spec_vs_spec[15,18]",4425.18326257735
"spec_vs_spec[15,19]",4216.84019290703
"spec_vs_spec[15,20]",4806.0020127146
"spec_vs_spec[16,1]",3527.55543215767
"spec_vs_spec[16,2]",4398.95495990697
"spec_vs_spec[16,3]",4205.95851844318
"spec_vs_spec[16,4]",4063.4762983469
"spec_vs_spec[16,5]",4021.04473054516
"spec_vs_spec[16,6]",4415.39131499795
"spec_vs_spec[16,7]",4895.22539651543
"spec_vs_spec[16,8]",4706.98961838157
"spec_vs_spec[16,9]",4417.30407130832
"spec_vs_spec[16,10]",4770.99415221194
"spec_vs_spec[16,11]",4540.87020338001
"spec_vs_spec[16,12]",3975.74655365356
"spec_vs_spec[16,13]",5709.48095148325
"spec_vs_spec[16,14]",4958.05387472254
"spec_vs_spec[16,15]",4756.95830652071
"spec_vs_spec[16,16]",4077.75206625568
"spec_vs_spec[16,17]",4536.94752716556
"spec_vs_spec[16,18]",4085.91175518988
"spec_vs_spec[16,19]",4091.97541488154
"spec_vs_spec[16,20]",4114.92028135508
"spec_vs_spec[17,1]",3735.05995672555
"spec_vs_spec[17,2]",4264.76150974806
"spec_vs_spec[17,3]",4363.83378052354
"spec_vs_spec[17,4]",3611.23534951674
"spec_vs_spec[17,5]",4535.54716905482
"spec_vs_spec[17,6]",4653.4919785569
"spec_vs_spec[17,7]",4827.49784463525
"spec_vs_spec[17,8]",4896.45175991575
"spec_vs_spec[17,9]",3698.99517168354
"spec_vs_spec[17,10]",3665.10612759732
"spec_vs_spec[17,11]",4403.44549821946
"spec_vs_spec[17,12]",4282.23313371997
"spec_vs_spec[17,13]",4459.25237414257
"spec_vs_spec[17,14]",3857.2922687641
"spec_vs_spec[17,15]",4594.95672668318
"spec_vs_spec[17,16]",4216.52529908092
"spec_vs_spec[17,17]",3812.54703767225
"spec_vs_spec[17,18]",4275.7248647372
"spec_vs_spec[17,19]",4609.24604954086
"spec_vs_spec[17,20]",3706.98426867157
"spec_vs_spec[18,1]",4811.02929878342
"spec_vs_spec[18,2]",4139.68052187357
"spec_vs_spec[18,3]",4357.02105652415
"spec_vs_spec[18,4]",4775.68906575738
"spec_vs_spec[18,5]",4712.55332292969
"spec_vs_spec[18,6]",5410.35767424284
"spec_vs_spec[18,7]",4040.22435702503
"spec_vs_spec[18,8]",4036.53799707856
"spec_vs_spec[18,9]",3967.84922805818
"spec_vs_spec[18,10]",4473.16785583605
"spec_vs_spec[18,11]",4774.2439866748
"spec_vs_spec[18,12]",4518.33769925525
"spec_vs_spec[18,13]",4196.01940241655
"spec_vs_spec[18,14]",4130.49205310412
"spec_vs_spec[18,15]",4508.11142827556
"spec_vs_spec[18,16]",4299.21984525932
"spec_vs_spec[18,17]",4157.52307906814
"spec_vs_spec[18,18]",4726.14207757735
"spec_vs_spec[18,19]",3579.99055837088
"spec_vs_spec[18,20]",4675.87710852127
"spec_vs_spec[19,1]",4440.58421689622
"spec_vs_spec[19,2]",4576.67629727909
"spec_vs_spec[19,3]",4658.44544975196
"spec_vs_spec[19,4]",3172.36594901644
"spec_vs_spec[19,5]",4264.96554738071
"spec_vs_spec[19,6]",3703.2846642205
"spec_vs_spec[19,7]",4854.28915852675
"spec_vs_spec[19,8]",3860.80085055624
"spec_vs_spec[19,9]",3193.34752733839
"spec_vs_spec[19,10]",4238.45824875757
"spec_vs_spec[19,11]",3880.88264202991
"spec_vs_spec[19,12]",3742.64345377369
"spec_vs_spec[19,13]",4579.54129246821
"spec_vs_spec[19,14]",3804.63289838557
"spec_vs_spec[19,15]",4751.41909348831
"spec_vs_spec[19,16]",4750.01133310789
"spec_vs_spec[19,17]",4105.72028355124
"spec_vs_spec[19,18]",4518.74198334924
"spec_vs_spec[19,19]",4715.4944730188
"spec_vs_spec[19,20]",4420.79994847923
"spec_vs_spec[20,1]",4728.11605857327
"spec_vs_spec[20,2]",4447.36809188311
"spec_vs_spec[20,3]",4815.52693285528
"spec_vs_spec[20,4]",4168.24272373153
"spec_vs_spec[20,5]",3716.33368240052
"spec_vs_spec[20,6]",4636.93140628783
"spec_vs_spec[20,7]",4482.66549805586
"spec_vs_spec[20,8]",3368.44488815232
"spec_vs_spec[20,9]",4782.17458610652
"spec_vs_spec[20,10]",4637.64018235045
"spec_vs_spec[20,11]",4487.20097431728
"spec_vs_spec[20,12]",4291.99934957873
"spec_vs_spec[20,13]",4813.90232573346
"spec_vs_spec[20,14]",4046.64798824356
"spec_vs_spec[20,15]",4387.36870566464
"spec_vs_spec[20,16]",4014.32608739611
"spec_vs_spec[20,17]",4639.9791655192
"spec_vs_spec[20,18]",4191.76776785702
"spec_vs_spec[20,19]",3963.85411817777
"spec_vs_spec[20,20]",4472.13607739606
log_lik[1],4351.8263843762
log_lik[2],4678.97629503264
log_lik[3],4753.97643636836
log_lik[4],4014.4320573511
log_lik[5],5185.66428714421
log_lik[6],4146.69731145375
log_lik[7],4140.38987413627
log_lik[8],3909.15002797997
log_lik[9],4538.11623662217
log_lik[10],4434.09568490699
log_lik[11],4697.91711124032
log_lik[12],4501.44209102889
log_lik[13],5314.84437081751
log_lik[14],5357.5231588303
log_lik[15],3786.79683493478
log_lik[16],4709.77663556158
log_lik[17],4589.21985938101
log_lik[18],3566.44581210773
log_lik[19],5101.73783253623
log_lik[20],5042.47614680069
log_lik[21],3860.79662292735
log_lik[22],5550.44752281876
log_lik[23],4878.32576073808
log_lik[24],3904.89769255444
log_lik[25],4695.82854329461
log_lik[26],4249.68512149975
log_lik[27],4686.06151245938
log_lik[28],6015.63470870846
log_lik[29],3874.97521234597
log_lik[30],4212.27666859998
log_lik[31],4449.38055603854
log_lik[32],4712.30601305827
log_lik[33],4219.28261873765
log_lik[34],4624.38847599744
log_lik[35],4158.21789729854
log_lik[36],4220.00120135979
log_lik[37],3992.33653046586
log_lik[38],5462.1938855013
log_lik[39],4291.48801033122
log_lik[40],3939.13112277961
log_lik[41],5156.88691654661
log_lik[42],4772.21702543684
log_lik[43],4150.81093397121
log_lik[44],4763.9985910339
log_lik[45],4265.95464343688
log_lik[46],4343.56381964425
log_lik[47],5279.14043965291
log_lik[48],4010.2571964425
log_lik[49],4711.09609840909
log_lik[50],4158.34010825435
log_lik[51],3567.84273360062
log_lik[52],4392.11354171052
log_lik[53],3873.54054243629
log_lik[54],5284.8556480278
log_lik[55],4764.01977592781
log_lik[56],5563.67297314569
log_lik[57],5162.44400072755
log_lik[58],4756.76623898233
log_lik[59],4513.78978603562
log_lik[60],3892.1788391183
log_lik[61],4881.41368767635
log_lik[62],5192.31931661245
log_lik[63],5408.10091137941
log_lik[64],4180.72202011403
log_lik[65],4150.33482746807
log_lik[66],3694.24703783345
log_lik[67],4532.75365849099
log_lik[68],3685.18243987501
log_lik[69],3830.80456956651
log_lik[70],5774.75061889873
log_lik[71],3242.28515550442
log_lik[72],4399.62085875254
log_lik[73],4399.62085875254
log_lik[74],4100.54611545721
log_lik[75],4398.81068430534
log_lik[76],5496.89781932399
log_lik[77],4604.26530201936
log_lik[78],3978.36708818698
log_lik[79],4610.96805361826
log_lik[80],5584.48829420381
log_lik[81],4984.3475178446
log_lik[82],3979.27914589421
log_lik[83],4284.00525411997
log_lik[84],3799.11987175717
log_lik[85],3694.69682214234
log_lik[86],4613.33823783665
log_lik[87],3861.29489353548
log_lik[88],4629.18693291434
log_lik[89],4613.16346029832
log_lik[90],4275.27931804161
log_lik[91],4622.60600287607
log_lik[92],4704.19077530839
log_lik[93],5226.96314193039
log_lik[94],5169.60605263423
log_lik[95],4916.69434806309
log_lik[96],4977.3974555603
log_lik[97],4280.88647243966
log_lik[98],4135.65087939068
log_lik[99],5930.1086473607
log_lik[100],4618.0045166088
log_lik[101],4945.56729926596
log_lik[102],4223.73509178568
log_lik[103],4754.41120640422
log_lik[104],5135.93352146534
log_lik[105],4755.54029589061
log_lik[106],4582.20589086482
log_lik[107],4923.415736191
log_lik[108],5446.58402552006
log_lik[109],4946.40929571984
log_lik[110],4056.47995043675
log_lik[111],4540.19787280705
log_lik[112],3820.5336786054
log_lik[113],4175.7740885212
log_lik[114],5078.03946248906
log_lik[115],4727.58929820354
log_lik[116],4162.02393171244
log_lik[117],4041.46146380871
log_lik[118],4270.00427958627
log_lik[119],4000.03666548918
log_lik[120],3936.32350544013
log_lik[121],3406.3077651601
log_lik[122],3532.54726842724
log_lik[123],3994.52884770441
log_lik[124],5531.52907098344
log_lik[125],4877.8850482055
log_lik[126],4452.86371967959
log_lik[127],5161.79057547902
log_lik[128],4578.3829398577
log_lik[129],4271.15266912058
log_lik[130],4236.96164253743
log_lik[131],4345.98735369152
log_lik[132],6293.62477090525
log_lik[133],4795.40575467051
log_lik[134],5279.06889669541
log_lik[135],5332.48759365305
log_lik[136],5432.16838646988
log_lik[137],4953.32656012428
log_lik[138],4817.16807989431
log_lik[139],4675.75308965035
log_lik[140],4381.66421208509
log_lik[141],5778.0895914674
log_lik[142],5445.38227403249
log_lik[143],4517.5949181033
log_lik[144],4304.11567685967
log_lik[145],4306.71271144405
log_lik[146],4913.47215074693
log_lik[147],4609.28852168629
log_lik[148],5123.18388252104
log_lik[149],5568.50661859214
log_lik[150],4456.82439478803
log_lik[151],4349.89123710313
log_lik[152],3672.81080322117
log_lik[153],5226.96314193039
log_lik[154],4805.38334625631
log_lik[155],4373.69559683448
log_lik[156],5105.11337790551
log_lik[157],4365.52878550354
log_lik[158],4274.11207473082
log_lik[159],3318.67159215922
log_lik[160],5634.9477218622
log_lik[161],3252.52920380027
log_lik[162],4706.63985158779
log_lik[163],3409.92564783561
log_lik[164],4613.47442622707
log_lik[165],4912.14794094119
log_lik[166],4395.50361479527
log_lik[167],3943.52807748812
log_lik[168],4546.51182692729
log_lik[169],5153.49057000454
log_lik[170],4328.62357810532
log_lik[171],4356.19999593478
log_lik[172],4027.17119223453
log_lik[173],4467.76023186464
log_lik[174],4094.263705798
log_lik[175],4879.6106039432
log_lik[176],4638.82923640792
log_lik[177],4165.3441099199
log_lik[178],4847.93171408482
log_lik[179],4118.42072184033
log_lik[180],4982.96519460082
log_lik[181],4072.66196725363
log_lik[182],3976.92108592217
log_lik[183],4859.10972937652
log_lik[184],4960.72121482014
log_lik[185],4150.97987475911
log_lik[186],5105.99426264848
log_lik[187],5158.70788093095
log_lik[188],3516.61667677479
log_lik[189],6397.97302384799
log_lik[190],4018.82757337008
log_lik[191],5067.17673782176
log_lik[192],4751.7225692526
log_lik[193],3581.74090636665
log_lik[194],4170.7961913066
log_lik[195],4703.15039716587
log_lik[196],4899.58989450142
log_lik[197],4766.26955206637
log_lik[198],3702.46848884062
log_lik[199],3452.65537820074
log_lik[200],4342.25774742656
log_lik[201],4665.93915094233
log_lik[202],5224.83150930641
log_lik[203],5078.16519578485
log_lik[204],3999.81319856593
log_lik[205],3606.68065011645
log_lik[206],3797.95680520254
log_lik[207],4114.08035000112
log_lik[208],4713.96778305173
log_lik[209],4135.58709955305
log_lik[210],4514.09903729351
log_lik[211],4388.85330252758
log_lik[212],3996.23262200573
log_lik[213],3832.05293904081
log_lik[214],4554.52817580028
log_lik[215],4100.35511807817
log_lik[216],4919.66697726572
log_lik[217],4135.93436026019
log_lik[218],4725.24871995658
log_lik[219],3555.37411596288
log_lik[220],4500.58011250397
log_lik[221],5172.09546476463
log_lik[222],4706.77991596301
log_lik[223],5087.59422294455
log_lik[224],4783.16732626703
log_lik[225],4178.53983935798
log_lik[226],4747.16542595507
log_lik[227],4617.41019010627
log_lik[228],4089.11204034705
log_lik[229],5049.31605289088
log_lik[230],3708.16115885776
log_lik[231],5138.8338185968
log_lik[232],5171.17755955573
log_lik[233],4651.37755964984
log_lik[234],4482.06960149797
log_lik[235],3224.45317139332
log_lik[236],5211.99950519446
log_lik[237],4764.1414678178
log_lik[238],3792.12956475217
log_lik[239],4915.08708494173
log_lik[240],4078.69178839365
log_lik[241],4140.2564411931
log_lik[242],5270.63035814838
log_lik[243],4679.68525401663
log_lik[244],4412.12305350599
log_lik[245],4134.73184866766
log_lik[246],5596.20724695245
log_lik[247],4458.57261101566
log_lik[248],3654.64559856584
log_lik[249],4303.78796080239
log_lik[250],4841.6977369782
log_lik[251],3561.12565378312
log_lik[252],4857.1861362011
log_lik[253],3751.65753843947
log_lik[254],4273.04249025236
log_lik[255],4755.48283384358
log_lik[256],4704.52117970596
log_lik[257],4979.53531690155
log_lik[258],5303.16547056711
log_lik[259],4816.37974613585
log_lik[260],4890.28354664709
log_lik[261],4952.06049919938
log_lik[262],6472.28693760667
log_lik[263],5340.05049771719
log_lik[264],5340.05049771719
log_lik[265],6155.78098463434
log_lik[266],5334.12365714773
log_lik[267],5483.04894034497
log_lik[268],6155.78098463434
log_lik[269],3911.30051176947
log_lik[270],5340.05049771719
log_lik[271],4542.36888079979
log_lik[272],5921.07368268557
log_lik[273],3755.95264840565
log_lik[274],4403.10101984246
log_lik[275],4124.64329188636
log_lik[276],5334.12365714773
log_lik[277],4753.4539939757
log_lik[278],3803.93185840944
log_lik[279],7073.43129252709
log_lik[280],5921.07368268557
log_lik[281],4323.68803805135
log_lik[282],4153.49660366561
log_lik[283],4669.15711671486
log_lik[284],4588.21992330849
log_lik[285],5042.88616423311
log_lik[286],5223.35265603097
log_lik[287],3891.26995730091
log_lik[288],5334.12365714773
log_lik[289],4957.76361623934
log_lik[290],4721.606034329
log_lik[291],5568.06358903416
log_lik[292],4419.73306454621
log_lik[293],5568.06358903416
log_lik[294],5100.75263814609
log_lik[295],4969.20433355245
log_lik[296],5332.96126020152
log_lik[297],4241.78459581795
log_lik[298],4105.83224253964
log_lik[299],4614.26874194732
log_lik[300],5194.04464362366
log_lik[301],4470.08265036907
log_lik[302],4851.83921657167
log_lik[303],3921.37665700684
log_lik[304],4875.02449316817
log_lik[305],4136.05575357139
log_lik[306],4969.20433355245
log_lik[307],5306.59572979841
log_lik[308],4548.67415880759
log_lik[309],4614.26874194732
log_lik[310],5111.95297708911
log_lik[311],4969.20433355245
log_lik[312],7073.43129252709
log_lik[313],4957.76361623934
log_lik[314],5413.44674302824
log_lik[315],5413.44674302824
log_lik[316],5413.44674302824
log_lik[317],5413.44674302824
log_lik[318],4320.48315154892
log_lik[319],4816.50828902969
log_lik[320],4113.47120685959
log_lik[321],4262.85358378702
log_lik[322],4037.55378711153
log_lik[323],4053.95820625497
log_lik[324],4720.03799935068
log_lik[325],4081.62510229872
log_lik[326],4618.61355050571
log_lik[327],4254.96246661534
log_lik[328],4305.1311306262
log_lik[329],4914.3292234496
log_lik[330],5743.4649120285
log_lik[331],4566.66618046361
log_lik[332],5155.84813029277
log_lik[333],4921.54676011534
log_lik[334],5189.13669050773
log_lik[335],3992.84371625739
log_lik[336],6511.8762270005
log_lik[337],5568.06358903416
log_lik[338],5568.06358903416
log_lik[339],5568.06358903416
log_lik[340],5219.23661607185
log_lik[341],4251.77323465051
log_lik[342],5017.39088517698
log_lik[343],4977.64527838032
log_lik[344],4076.62949818779
log_lik[345],5219.23661607185
log_lik[346],4955.00315927131
log_lik[347],4154.83239918296
log_lik[348],4977.64527838032
log_lik[349],5219.23661607185
log_lik[350],4955.00315927131
log_lik[351],4198.14383416554
log_lik[352],4807.56795351137
log_lik[353],5152.58356304909
log_lik[354],5219.23661607185
log_lik[355],5988.24025345879
log_lik[356],5219.23661607185
log_lik[357],4890.81573278926
log_lik[358],4870.15737496605
log_lik[359],4406.48245815143
log_lik[360],6441.95984079915
log_lik[361],5706.51307431831
log_lik[362],5051.87192137652
log_lik[363],5040.99918003752
log_lik[364],4550.69510820075
log_lik[365],5152.58356304909
log_lik[366],4680.08028401176
log_lik[367],5413.44674302824
log_lik[368],5286.510955921
log_lik[369],5949.35775849354
log_lik[370],5949.35775849354
log_lik[371],5040.36139856535
log_lik[372],5949.35775849354
log_lik[373],5949.35775849354
log_lik[374],4872.32794714328
log_lik[375],4528.21277326931
log_lik[376],5949.35775849354
log_lik[377],5152.58356304909
log_lik[378],4700.69855922877
log_lik[379],3520.19042488393
log_lik[380],4863.14019125645
log_lik[381],4526.31805676833
log_lik[382],4093.372677989
log_lik[383],4480.60291521116
log_lik[384],5152.58356304909
log_lik[385],5526.45415581901
log_lik[386],4368.19290032694
log_lik[387],4098.79561322585
log_lik[388],4098.79561322585
log_lik[389],5322.06901475996
log_lik[390],5349.06159984827
log_lik[391],4098.79561322585
log_lik[392],4098.79561322585
log_lik[393],4577.96443299252
log_lik[394],4098.79561322585
log_lik[395],5526.45415581901
log_lik[396],6227.08942034363
log_lik[397],5978.15570654116
log_lik[398],5978.15570654116
log_lik[399],5978.15570654116
log_lik[400],5978.15570654116
log_lik[401],6306.90688169164
log_lik[402],6415.58225587677
log_lik[403],6004.51129181339
log_lik[404],6415.58225587677
log_lik[405],6415.58225587677
log_lik[406],6004.51129181339
log_lik[407],5136.66820914366
log_lik[408],5793.7275147772
log_lik[409],5169.20781332898
log_lik[410],6306.90688169164
log_lik[411],5793.7275147772
log_lik[412],5169.20781332898
log_lik[413],5136.66820914366
log_lik[414],6306.90688169164
log_lik[415],4032.49112078528
log_lik[416],5169.20781332898
log_lik[417],4784.98280045582
log_lik[418],5423.11465052293
log_lik[419],3952.77720211632
log_lik[420],4772.59726722056
log_lik[421],4572.74122305488
log_lik[422],5157.95097900345
log_lik[423],5465.54099254361
log_lik[424],4213.84525950908
log_lik[425],4649.23830958081
log_lik[426],5205.13426075607
log_lik[427],4268.74477456678
log_lik[428],4554.67726399268
log_lik[429],6060.03589908326
log_lik[430],3664.69859992975
log_lik[431],3848.32856755487
log_lik[432],4457.25905827606
log_lik[433],4925.03392816028
log_lik[434],5285.98253413944
log_lik[435],5450.22863679442
log_lik[436],5420.46175708204
log_lik[437],4322.35822633235
log_lik[438],4556.00675109332
log_lik[439],4664.23682813321
log_lik[440],4371.92942283885
log_lik[441],4386.3596721763
log_lik[442],5095.24014685186
log_lik[443],4272.49240373646
log_lik[444],4904.96758346737
log_lik[445],5128.92281779123
log_lik[446],4516.39236567841
log_lik[447],5587.24679675402
log_lik[448],4493.4517924625
log_lik[449],4613.94202379204
log_lik[450],4017.45927332149
log_lik[451],5028.10812920948
log_lik[452],5000.71413760302
log_lik[453],5326.97387030453
log_lik[454],5128.92281779123
log_lik[455],4824.77935381432
log_lik[456],4869.77936416644
log_lik[457],5279.51123429614
log_lik[458],3647.48921435077
log_lik[459],4184.60890819016
log_lik[460],5633.26296882839
log_lik[461],4656.8700630909
log_lik[462],4054.84980007042
log_lik[463],4902.08402079409
log_lik[464],3554.38523010703
log_lik[465],5104.9320341301
log_lik[466],5047.98039372127
log_lik[467],5197.92371066275
log_lik[468],4995.6861375392
log_lik[469],4351.32107958265
log_lik[470],4394.0832641759
log_lik[471],3824.75298910342
log_lik[472],5661.04406230918
log_lik[473],4713.27519369328
log_lik[474],4176.75008955487
log_lik[475],4952.17162403469
log_lik[476],4759.55492146191
log_lik[477],3952.67142184592
log_lik[478],4304.80093134207
log_lik[479],5575.21302437496
log_lik[480],4482.78223828118
log_lik[481],4732.0068913469
log_lik[482],4804.80118930607
log_lik[483],4918.77999703131
log_lik[484],5511.68031108999
log_lik[485],5654.19031808802
log_lik[486],4111.39123558525
log_lik[487],5133.14518264583
log_lik[488],4454.48020956484
log_lik[489],5197.50772070004
log_lik[490],3707.15132287658
log_lik[491],4819.75148152347
log_lik[492],4409.5589133537
log_lik[493],5802.763628722
log_lik[494],3993.79660721529
log_lik[495],4486.96057386533
log_lik[496],4532.62573971137
log_lik[497],4690.93803848426
log_lik[498],4053.7910126165
log_lik[499],4336.83924604945
log_lik[500],4672.24480066893
log_lik[501],4429.22027946971
log_lik[502],4846.91558599047
log_lik[503],4124.85717694524
log_lik[504],4687.40110437571
log_lik[505],4628.06693400337
log_lik[506],4860.5068037742
log_lik[507],5143.11805473105
log_lik[508],4045.65854348385
log_lik[509],4313.50234449576
log_lik[510],6174.39421196563
log_lik[511],3986.86374117436
log_lik[512],4316.032581952
log_lik[513],4592.72529392122
log_lik[514],4473.46033429784
log_lik[515],4463.02486962489
log_lik[516],4108.01862219333
log_lik[517],4830.66038681663
log_lik[518],4154.69439243042
log_lik[519],5001.29492398378
log_lik[520],4955.45240015028
log_lik[521],4835.52430118959
log_lik[522],3970.02543375523
log_lik[523],4486.65839750264
log_lik[524],4132.15542329791
log_lik[525],4405.85099638989
log_lik[526],4363.98606706203
log_lik[527],4168.17909592244
log_lik[528],4820.51607043035
log_lik[529],4349.93606813914
log_lik[530],4775.03501242634
log_lik[531],4390.20151796212
log_lik[532],4493.48813245284
log_lik[533],3928.21577212485
log_lik[534],4979.93338498237
log_lik[535],5069.47553376792
log_lik[536],6513.64916274834
log_lik[537],4979.93338498237
log_lik[538],4436.39727976648
log_lik[539],5084.9087791954
log_lik[540],3520.98373462839
log_lik[541],5130.9600339813
log_lik[542],3984.10900298409
log_lik[543],4458.99856474895
log_lik[544],4266.82173269049
log_lik[545],4399.9194901808
log_lik[546],4031.47946017917
log_lik[547],4056.89503566025
log_lik[548],3238.18080090651
log_lik[549],4497.94867011589
log_lik[550],4110.17172548527
log_lik[551],5935.023082068
log_lik[552],4293.27781224908
log_lik[553],4200.99144679738
log_lik[554],4983.17470283925
log_lik[555],4775.5844748193
log_lik[556],4477.40078031217
log_lik[557],4301.09175231057
log_lik[558],4494.08897652073
log_lik[559],4556.20948544613
log_lik[560],4026.60299394791
log_lik[561],5053.80102635959
log_lik[562],4148.89320920673
log_lik[563],5267.38151140511
log_lik[564],4640.00246103971
log_lik[565],4084.9344810963
log_lik[566],4270.06917689891
log_lik[567],4024.03727659802
log_lik[568],5497.88378633658
log_lik[569],4510.34138436672
log_lik[570],3761.15649328407
log_lik[571],4299.0432920099
log_lik[572],5826.62502523873
log_lik[573],4595.15417347752
log_lik[574],4435.12611062725
log_lik[575],4739.59399061743
log_lik[576],5345.95056465461
log_lik[577],4526.72739914916
log_lik[578],4661.17753270118
log_lik[579],4189.77981876298
log_lik[580],4735.97772934037
log_lik[581],5415.24643565361
log_lik[582],5111.08809829066
log_lik[583],4626.40538818674
log_lik[584],3591.71762295184
log_lik[585],5736.01666344487
log_lik[586],5083.48375772663
log_lik[587],3958.70746845073
log_lik[588],4699.53121516926
log_lik[589],4595.4922519569
log_lik[590],3970.80686544806
log_lik[591],3684.81529648105
log_lik[592],3908.90088153578
log_lik[593],4525.17383684561
log_lik[594],4413.213233992
log_lik[595],4546.39079130115
log_lik[596],4317.00098262258
log_lik[597],3823.0779587737
log_lik[598],5143.8855932555
log_lik[599],4774.18183090878
log_lik[600],4386.19570992164
log_lik[601],3836.79287049893
log_lik[602],4830.51282899718
log_lik[603],5094.70220236161
log_lik[604],4162.20766601936
log_lik[605],4530.64122814962
log_lik[606],5312.58873550805
log_lik[607],5035.49894559585
log_lik[608],5463.94384614067
log_lik[609],3961.72557935776
log_lik[610],4135.91134746304
log_lik[611],4487.41942986395
log_lik[612],5211.21716117815
log_lik[613],5485.49780822098
log_lik[614],5741.93287877106
log_lik[615],4765.7675393473
log_lik[616],4110.28283149832
log_lik[617],4114.07474915139
log_lik[618],4062.4620249169
log_lik[619],3313.10180111655
log_lik[620],4437.62207251873
log_lik[621],4105.56561772415
log_lik[622],4275.86434086769
log_lik[623],4269.54830875579
log_lik[624],4647.81677582524
log_lik[625],5095.83310793848
log_lik[626],4659.96255213158
log_lik[627],4522.12883349321
log_lik[628],4396.90081877836
log_lik[629],5276.92751097314
log_lik[630],3565.33631290955
log_lik[631],4309.19028168554
log_lik[632],3402.95251461027
log_lik[633],4897.71256936069
log_lik[634],3266.66477806179
log_lik[635],5237.38015810729
log_lik[636],3624.54165623792
log_lik[637],4504.05905792328
log_lik[638],4765.21615156568
log_lik[639],4673.08793194498
log_lik[640],4840.11919777855
log_lik[641],4638.92953340473
log_lik[642],3971.86287870751
log_lik[643],5087.89465442518
log_lik[644],3479.9453943809
log_lik[645],4747.66854413952
log_lik[646],3832.54323032343
log_lik[647],4686.71536948955
log_lik[648],4190.148882013
log_lik[649],4507.35664306706
log_lik[650],3348.42200286354
log_lik[651],3235.43285418044
log_lik[652],4752.02930675668
log_lik[653],4209.46942631636
log_lik[654],4258.14075826558
log_lik[655],4468.95711181225
log_lik[656],5167.66273993696
log_lik[657],4311.65040130863
log_lik[658],4438.52198320298
log_lik[659],3661.7866007448
log_lik[660],4555.34436998061
log_lik[661],4939.28717838283
log_lik[662],4934.53271090914
log_lik[663],4851.181146807
log_lik[664],3090.31009682744
log_lik[665],4838.09855290737
log_lik[666],4337.70309184247
log_lik[667],4511.33035781021
log_lik[668],4940.62911748648
log_lik[669],3680.25483372117
log_lik[670],4700.63243458321
log_lik[671],4536.29032890911
log_lik[672],3525.2880649164
log_lik[673],4094.14037725034
log_lik[674],3475.53510686958
log_lik[675],5676.182216633
log_lik[676],4538.71576134266
log_lik[677],4595.73831593473
log_lik[678],4825.49262248747
log_lik[679],4281.05847112266
log_lik[680],5605.90289942325
log_lik[681],4683.90569110125
log_lik[682],4321.46879253387
log_lik[683],5605.90289942325
log_lik[684],4843.73809925554
log_lik[685],4315.27778914341
log_lik[686],4485.38193571551
log_lik[687],3943.87783527289
log_lik[688],5121.97849649804
log_lik[689],2804.13942102666
log_lik[690],5134.86875373544
log_lik[691],4874.52625314353
log_lik[692],5605.90289942325
log_lik[693],5141.98376978618
log_lik[694],5717.33769822204
log_lik[695],5605.90289942325
log_lik[696],4340.91894562541
log_lik[697],4919.89213473966
log_lik[698],5206.05596646385
log_lik[699],4030.638419967
log_lik[700],5868.71383977665
log_lik[701],5266.6863711026
log_lik[702],5087.37956110003
log_lik[703],5083.27398548044
log_lik[704],4919.89213473966
log_lik[705],4514.79882846755
log_lik[706],4722.06310905096
log_lik[707],4919.89213473966
log_lik[708],5266.6863711026
log_lik[709],4919.89213473966
log_lik[710],4527.91798105648
log_lik[711],5431.63079300038
log_lik[712],5266.6863711026
log_lik[713],4942.01826187633
log_lik[714],5266.6863711026
log_lik[715],6638.70454265916
log_lik[716],4942.01826187633
log_lik[717],6688.62384582799
log_lik[718],6688.62384582799
log_lik[719],6638.70454265916
log_lik[720],6688.62384582799
log_lik[721],6615.04359790953
log_lik[722],6615.04359790953
log_lik[723],4756.40865830148
log_lik[724],5952.33433244379
log_lik[725],5952.33433244379
log_lik[726],5122.75239477655
log_lik[727],4429.00929143193
log_lik[728],5952.33433244379
log_lik[729],6094.99201991999
log_lik[730],3426.05683772031
log_lik[731],5857.33279903789
log_lik[732],5952.33433244379
log_lik[733],5488.49492221511
log_lik[734],4790.2237590444
log_lik[735],6615.04359790953
log_lik[736],4745.05765909208
log_lik[737],4250.85662301087
log_lik[738],5163.40662429042
log_lik[739],4140.35187824799
log_lik[740],5815.82634275538
log_lik[741],4552.1214276103
log_lik[742],5815.82634275538
log_lik[743],5952.61293410993
log_lik[744],4198.53337783373
log_lik[745],5815.82634275538
log_lik[746],3929.50344032373
log_lik[747],4723.68045898633
log_lik[748],6092.8378666167
log_lik[749],4828.17612838607
log_lik[750],5985.79787792268
log_lik[751],4771.55327755156
log_lik[752],6156.1811782622
log_lik[753],5815.82634275538
log_lik[754],5826.21069948227
log_lik[755],4391.11191496877
log_lik[756],4419.03195282927
log_lik[757],5448.38169097065
log_lik[758],5740.6671109872
log_lik[759],5952.61293410993
log_lik[760],5665.24384898852
log_lik[761],5665.24384898852
log_lik[762],5665.24384898852
log_lik[763],5665.24384898852
log_lik[764],5771.40908563731
log_lik[765],4841.933146352
log_lik[766],4841.933146352
log_lik[767],4841.933146352
log_lik[768],5942.03901301894
log_lik[769],4841.933146352
log_lik[770],4841.933146352
lp__,1058.0541979661
